TransactionID,Date,ProductCategory,SalesAmount,Quantity,Discount,IsPromo,MixedColumn
TX0001,2026-03-02,clothing,76.39,3,0.06,False,8
TX0002,2026-01-07,clothing,445.05,3,0.18,False,unknown
TX0003,2026-01-23,home,466.98,5,0.08,True,unknown
TX0004,2026-03-18,toys,228.33,4,0.28,True,unknown
TX0005,2026-01-25,books,200.24,3,0.06,True,8
TX0006,2026-11-01,home,136.22,4,0.23,False,8
TX0007,2026-02-09,toys,332.11,1,0.22,False,
TX0008,2026-03-26,clothing,251.38,5,0.26,False,8
TX0009,2026-01-21,toys,482.48,2,0.16,False,8
TX0010,2026-03-16,home,402.48,4,0.06,False,
TX0011,,clothing,233.05,4,0.12,True,unknown
TX0012,,toys,402.52,5,0.18,False,8
TX0013,,electronics,30.44,2,0.14,True,8
TX0014,,electronics,387.03,2,0.05,True,unknown
TX0015,,books,11.55,3,0.11,True,
TX0016,,clothing,153.48,5,0.26,True,8
TX0017,2026-03-30,toys,309.35,3,0.15,False,unknown
TX0018,2026-11-01,clothing,457.38,2,0.16,True,8
TX0019,2026-10-03,books,157.06,4,0.29,True,unknown
TX0020,2026-02-23,clothing,131.81,4,0.03,False,8
TX0021,2026-02-26,electronics,,2,0.03,False,8
TX0022,2026-07-03,books,,1,0.16,False,
TX0023,2026-01-01,books,,1,0.27,True,
TX0024,2026-03-02,books,70.41,1,0.1,True,
TX0025,2026-03-22,clothing,458.86,5,0.08,True,8
TX0026,2026-02-01,books,473.61,4,0.08,True,unknown
TX0027,2026-06-01,electronics,146.07,3,0.19,False,8
TX0028,2026-04-03,electronics,264.63,4,0.25,False,8
TX0029,2026-05-03,electronics,85.83,3,0.08,False,8
TX0030,2026-02-03,home,17.17,3,0.24,False,8
TX0031,2026-05-01,electronics,168.88,1,0.11,True,8
TX0032,2026-02-02,home,495.54,4,0.06,False,
TX0033,2026-03-04,home,261.44,2,0.07,False,8
TX0034,2026-02-07,home,439.48,1,0.11,True,8
TX0035,2026-01-14,electronics,43.02,5,0.19,False,8
TX0036,2026-03-19,clothing,149.24,5,0.14,False,
TX0037,2026-03-25,books,239.76,3,0.13,False,8
TX0038,2026-01-24,toys,383.27,4,0.29,True,unknown
TX0039,2026-03-30,toys,462.08,3,0.24,False,8
TX0040,2026-02-13,books,202.58,3,0.02,True,8
TX0041,2026-01-19,books,465.25,2,0.04,False,8
TX0042,2026-03-17,home,254.81,5,0.24,True,8
TX0043,2026-02-25,toys,403.0,1,0.03,False,8
TX0044,2026-01-16,books,449.32,2,0.23,False,8
TX0045,2026-09-01,books,246.24,1,0.29,False,8
TX0046,2026-05-02,electronics,425.49,4,0.15,True,8
TX0047,2026-02-02,clothing,145.57,5,0.27,True,8
TX0048,2026-02-03,clothing,176.71,3,0.11,True,8
TX0049,2026-03-10,clothing,61.49,2,0.05,False,8
TX0050,2026-01-17,home,266.34,2,0.09,False,8
TX0051,2026-03-23,electronics,327.77,2,0.06,False,unknown
TX0052,2026-02-28,clothing,450.81,5,0.14,False,8
TX0053,2026-03-04,clothing,60.89,3,0.28,False,8
TX0054,2026-03-05,books,162.75,2,0.23,True,unknown
TX0055,2026-06-03,toys,48.27,1,0.15,True,8
TX0056,2026-01-03,toys,469.56,5,0.05,False,8
TX0057,2026-02-15,clothing,479.95,3,0.17,False,unknown
TX0058,2026-02-23,electronics,103.71,2,0.16,False,8
TX0059,2026-03-16,books,477.47,5,0.02,False,8
TX0060,2026-01-31,books,227.58,3,0.01,True,8
TX0061,2026-01-01,books,139.08,2,0.25,True,8
TX0062,2026-12-01,toys,338.25,5,0.04,True,8
TX0063,2026-03-15,home,194.37,3,0.26,True,8
TX0064,2026-02-27,home,492.88,3,0.19,True,8
TX0065,2026-03-26,books,336.87,1,0.1,True,8
TX0066,2026-10-03,electronics,495.82,2,0.07,False,unknown
TX0067,2026-03-10,clothing,487.05,4,0.1,True,8
TX0068,2026-03-23,clothing,98.91,4,0.22,True,8
TX0069,2026-01-30,toys,226.27,5,0.16,False,8
TX0070,2026-03-26,home,339.67,3,0.24,False,unknown
TX0071,2026-01-20,books,330.25,5,0.19,True,unknown
TX0072,2026-01-01,electronics,197.69,3,0.02,True,unknown
TX0073,2026-08-02,electronics,337.92,5,0.2,False,unknown
TX0074,2026-02-20,home,362.72,4,0.29,False,
TX0075,2026-01-26,books,393.85,3,0.1,False,8
TX0076,2026-07-01,electronics,167.28,2,0.06,False,8
TX0077,2026-03-30,toys,57.56,2,0.21,False,
TX0078,2026-03-01,electronics,418.86,2,0.24,False,unknown
TX0079,2026-01-13,books,22.36,5,0.1,True,unknown
TX0080,2026-02-26,books,127.0,1,0.17,True,8
TX0081,2026-01-06,books,429.98,2,0.17,False,
TX0082,2026-02-25,home,34.73,5,0.16,False,8
TX0083,2026-02-01,toys,105.11,3,0.17,False,8
TX0084,2026-02-22,electronics,243.19,1,0.17,False,8
TX0085,2026-02-16,clothing,125.24,4,0.12,True,
TX0086,2026-01-21,clothing,185.96,4,0.21,True,8
TX0087,2026-03-16,books,81.13,3,0.06,True,
TX0088,2026-10-03,electronics,76.46,1,0.18,True,8
TX0089,2026-03-27,books,57.92,3,0.04,True,8
TX0090,2026-08-02,toys,84.33,2,0.25,False,unknown
TX0091,2026-01-20,electronics,80.81,3,0.23,False,8
TX0092,2026-02-10,toys,24.44,2,0.19,False,
TX0093,2026-01-28,books,367.32,3,0.07,False,8
TX0094,2026-03-26,toys,341.34,5,0.05,False,8
TX0095,2026-01-23,electronics,227.33,1,0.21,False,8
TX0096,2026-01-29,toys,71.19,1,0.16,True,8
TX0097,2026-03-16,home,96.13,4,0.2,True,8
TX0098,2026-01-17,toys,308.75,1,0.09,False,
TX0099,2026-03-21,clothing,143.23,5,0.03,False,8
TX0100,2026-03-15,electronics,359.25,1,0.07,False,8
TX0101,2026-03-24,electronics,189.35,3,0.2,False,8
TX0102,2026-03-20,electronics,147.11,1,0.18,False,8
TX0103,2026-01-28,home,441.94,4,0.06,True,8
TX0104,2026-02-01,home,91.69,4,0.17,False,unknown
TX0105,2026-02-22,books,59.41,2,0.14,False,unknown
TX0106,2026-03-01,home,487.32,5,0.05,False,8
TX0107,2026-03-10,books,478.66,4,0.29,False,8
TX0108,2026-02-12,clothing,71.4,3,0.22,False,unknown
TX0109,2026-01-24,home,74.44,1,0.22,True,
TX0110,2026-10-01,books,176.83,5,0.16,False,8
TX0111,2026-03-21,books,255.27,1,0.26,False,8
TX0112,2026-01-25,home,425.31,2,0.08,False,8
TX0113,2026-02-01,electronics,288.41,5,0.06,True,
TX0114,2026-03-17,home,116.05,2,0.08,True,8
TX0115,2026-01-13,home,314.51,4,0.24,False,8
TX0116,2026-03-15,electronics,199.24,3,0.2,True,8
TX0117,2026-01-02,clothing,198.54,3,0.08,True,unknown
TX0118,2026-03-28,toys,102.67,1,0.12,False,
TX0119,2026-04-02,toys,479.12,4,0.19,True,8
TX0120,2026-03-22,home,70.33,3,0.19,True,unknown
TX0121,2026-03-25,electronics,52.4,2,0.28,False,8
TX0122,2026-01-05,home,304.85,5,0.27,True,8
TX0123,2026-02-06,books,302.0,3,0.03,True,8
TX0124,2026-01-01,books,71.78,5,0.18,False,8
TX0125,2026-01-20,electronics,311.36,3,0.27,False,8
TX0126,2026-02-06,home,170.42,2,0.22,False,unknown
TX0127,2026-02-19,books,179.19,5,0.27,True,unknown
TX0128,2026-01-14,books,176.95,3,0.19,False,unknown
TX0129,2026-02-20,toys,69.97,4,0.24,False,
TX0130,2026-03-06,home,475.13,1,0.1,False,unknown
TX0131,2026-02-02,toys,183.41,4,0.14,False,unknown
TX0132,2026-03-02,toys,250.31,1,0.04,False,unknown
TX0133,2026-02-24,clothing,40.61,5,0.23,False,unknown
TX0134,2026-09-03,books,249.74,3,0.09,True,
TX0135,2026-05-01,clothing,181.46,1,0.06,True,unknown
TX0136,2026-03-31,electronics,480.93,4,0.0,False,8
TX0137,2026-01-13,clothing,139.35,3,0.2,True,
TX0138,2026-12-01,toys,370.54,2,0.05,False,8
TX0139,2026-06-03,electronics,254.39,4,0.29,False,8
TX0140,2026-01-13,toys,464.11,3,0.22,True,8
TX0141,2026-03-14,electronics,341.4,4,0.17,True,8
TX0142,2026-03-03,toys,45.64,4,0.18,True,8
TX0143,2026-03-22,clothing,137.9,4,0.18,True,8
TX0144,2026-02-02,clothing,101.52,4,0.05,False,8
TX0145,2026-02-27,home,325.75,1,0.24,False,
TX0146,2026-01-30,books,40.34,3,0.06,False,unknown
TX0147,2026-03-01,electronics,176.74,1,0.03,False,8
TX0148,2026-02-09,books,250.69,3,0.29,False,unknown
TX0149,2026-02-17,electronics,394.6,5,0.0,False,8
TX0150,2026-07-03,electronics,27.26,2,0.11,True,unknown
