TransactionID,Date,ProductCategory,SalesAmount,Quantity,Discount,IsPromo,MixedColumn
TX0001,02/03/2026,Clothing,76.39,3,0.06,No,8
TX0002,07/01/2026,Clothing,445.05,3,0.18,No,unknown
TX0003,23.01.2026,HOME,$466.98,5,0.08,Yes,unknown
TX0004,03-18-2026,Toys,$228.33,4,0.28,Yes,unknown
TX0005,25/01/2026, BOOKS ,200.24,3,0.06,Yes,8
TX0006,2026-01-11,Home,$136.22,4,0.23,No,8
TX0007,09.02.2026,Toys,$332.11,1,0.22,No,nan
TX0008,03-26-2026,Clothing,251.38,5,0.26,No,8
TX0009,21/01/2026,Toys,482.48,2.0,0.16,No,8
TX0010,03-16-2026,Home,402.48,4,0.06,No,nan
TX0011,not a date,Clothing,233.05,4,0.12,Yes,unknown
TX0012,not a date,TOYS,$402.52,5,0.18,No,8
TX0013,not a date,ELECTRONICS,$30.44,2,0.14,Yes,8
TX0014,not a date,electronics,387.03,2,0.05,Yes,unknown
TX0015,not a date, BOOKS ,11.55,3,0.11,Yes,nan
TX0016,not a date,Clothing,153.48 ,5,0.26,Yes,8
TX0017,30.03.2026,Toys,309.35,3,0.15,No,unknown
TX0018,2026-01-11,CLOTHING,457.38,2.0,0.16,Yes,8
TX0019,2026-03-10, BOOKS ,$157.06,4,0.29,Yes,unknown
TX0020,23.02.2026,Clothing,131.81,4,0.03,No,8
TX0021,02-26-2026,electronics,,2,0.03,no,8
TX0022,03-07-2026, BOOKS ,,1,0.16,No,nan
TX0023,01.01.2026, BOOKS ,,1,0.27,yes,nan
TX0024,02.03.2026, BOOKS ,$70.41 ,1,0.1,Yes,nan
TX0025,03-22-2026,Clothing,458.86 ,5,0.08,Yes,8
TX0026,01/02/2026, BOOKS ,473.61,4,0.08,Yes,unknown
TX0027,2026-01-06,electronics,$146.07,3.0,0.19,No,8
TX0028,2026-03-04,ELECTRONICS,264.63,4,0.25,No,8
TX0029,03-05-2026,electronics,85.83,3.0,0.08,No,8
TX0030,03.02.2026,Home,17.17,3,0.24,No,8
TX0031,01-05-2026,electronics,168.88 ,1,0.11,Yes,8
TX0032,02/02/2026,HOME,495.54,4,0.06,No,nan
TX0033,04/03/2026,Home,261.44,2,0.07,No,8
TX0034,07/02/2026,Home,$439.48 ,1.0,0.11,Yes,8
TX0035,2026-01-14,electronics,43.02,5,0.19,No,8
TX0036,19/03/2026,Clothing,$149.24 ,5,0.14,No,nan
TX0037,2026-03-25, BOOKS ,239.76,3,0.13,no,8
TX0038,01-24-2026,Toys,383.27,4.0,0.29,Yes,unknown
TX0039,03-30-2026,Toys,462.08,3,0.24,No,8
TX0040,2026-02-13, BOOKS ,$202.58,3,0.02,Yes,8
TX0041,01-19-2026, BOOKS ,$465.25 ,2.0,0.04,No,8
TX0042,2026-03-17,HOME,254.81,5.0,0.24,Yes,8
TX0043,2026-02-25,Toys,$403.0,1,0.03,No,8
TX0044,2026-01-16, BOOKS ,$449.32,2.0,0.23,No,8
TX0045,2026-01-09, BOOKS ,246.24,1,0.29,No,8
TX0046,2026-02-05,electronics,$425.49,4,0.15,Yes,8
TX0047,02/02/2026,CLOTHING,145.57,5,0.27,Yes,8
TX0048,03-02-2026,CLOTHING,176.71,3,0.11,Yes,8
TX0049,10/03/2026,Clothing,61.49 ,2,0.05,No,8
TX0050,17.01.2026,Home,266.34,2,0.09,No,8
TX0051,23/03/2026,electronics,327.77,2,0.06,No,unknown
TX0052,28.02.2026,Clothing,450.81 ,5,0.14,No,8
TX0053,04/03/2026,Clothing,60.89,3,0.28,No,8
TX0054,05/03/2026, BOOKS ,$162.75 ,2,0.23,Yes,unknown
TX0055,2026-03-06,Toys,48.27 ,1,0.15,Yes,8
TX0056,03/01/2026,TOYS,469.56,5,0.05,No,8
TX0057,02-15-2026,CLOTHING,479.95,3,0.17,No,unknown
TX0058,23.02.2026,electronics,$103.71,2,0.16,No,8
TX0059,16.03.2026, BOOKS ,$477.47,5,0.02,No,8
TX0060,2026-01-31, BOOKS ,227.58,3,0.01,Yes,8
TX0061,01-01-2026, BOOKS ,$139.08 ,2,0.25,Yes,8
TX0062,01-12-2026,Toys,$338.25,5,0.04,yes,8
TX0063,03-15-2026,Home,$194.37,3,0.26,Yes,8
TX0064,02-27-2026,Home,492.88,3,0.19,Yes,8
TX0065,2026-03-26, BOOKS ,336.87,1,0.1,Yes,8
TX0066,2026-03-10,ELECTRONICS,495.82,2,0.07,No,unknown
TX0067,10/03/2026,Clothing,487.05,4,0.1,Yes,8
TX0068,23/03/2026,Clothing,98.91,4,0.22,Yes,8
TX0069,30/01/2026,Toys,$226.27,5,0.16,no,8
TX0070,03-26-2026,HOME,339.67,3,0.24,No,unknown
TX0071,20.01.2026, BOOKS ,$330.25,5,0.19,Yes,unknown
TX0072,01.01.2026,electronics,197.69,3,0.02,yes,unknown
TX0073,02-08-2026,electronics,337.92,5,0.2,no,unknown
TX0074,20/02/2026,Home,$362.72 ,4.0,0.29,No,nan
TX0075,2026-01-26, BOOKS ,393.85,3,0.1,No,8
TX0076,2026-01-07,electronics,167.28,2,0.06,No,8
TX0077,2026-03-30,TOYS,57.56 ,2,0.21,No,nan
TX0078,01-03-2026,electronics,418.86,2,0.24,No,unknown
TX0079,01-13-2026, BOOKS ,22.36,5,0.1,Yes,unknown
TX0080,2026-02-26, BOOKS ,127.0,1,0.17,Yes,8
TX0081,06.01.2026, BOOKS ,$429.98 ,2,0.17,No,nan
TX0082,02-25-2026,Home,$34.73,5,0.16,No,8
TX0083,01.02.2026,Toys,105.11,3,0.17,no,8
TX0084,2026-02-22,electronics,$243.19,1,0.17,No,8
TX0085,02-16-2026,Clothing,125.24 ,4,0.12,Yes,nan
TX0086,21/01/2026,Clothing,185.96 ,4,0.21,Yes,8
TX0087,2026-03-16, BOOKS ,$81.13,3,0.06,Yes,nan
TX0088,2026-03-10,ELECTRONICS,$76.46 ,1,0.18,Yes,8
TX0089,03-27-2026, BOOKS ,57.92,3,0.04,Yes,8
TX0090,2026-02-08,Toys,84.33,2,0.25,no,unknown
TX0091,2026-01-20,electronics,80.81,3.0,0.23,No,8
TX0092,10/02/2026,Toys,24.44,2,0.19,No,nan
TX0093,01-28-2026, BOOKS ,367.32 ,3,0.07,No,8
TX0094,26/03/2026,TOYS,341.34,5,0.05,No,8
TX0095,01-23-2026,electronics,$227.33,1,0.21,No,8
TX0096,29/01/2026,Toys,71.19 ,1,0.16,Yes,8
TX0097,16.03.2026,Home,$96.13,4.0,0.2,Yes,8
TX0098,17.01.2026,Toys,$308.75 ,1,0.09,no,nan
TX0099,21/03/2026,CLOTHING,143.23,5,0.03,No,8
TX0100,03-15-2026,electronics,359.25,1,0.07,No,8
TX0101,24.03.2026,electronics,$189.35,3,0.2,No,8
TX0102,03-20-2026,electronics,$147.11,1,0.18,No,8
TX0103,2026-01-28,Home,441.94,4,0.06,Yes,8
TX0104,01/02/2026,Home,91.69,4.0,0.17,No,unknown
TX0105,02-22-2026, BOOKS ,$59.41,2,0.14,No,unknown
TX0106,01/03/2026,Home,487.32 ,5.0,0.05,no,8
TX0107,10.03.2026, BOOKS ,$478.66 ,4,0.29,No,8
TX0108,12.02.2026,Clothing,71.4,3,0.22,No,unknown
TX0109,01-24-2026,Home,74.44 ,1,0.22,Yes,nan
TX0110,01-10-2026, BOOKS ,176.83,5,0.16,no,8
TX0111,03-21-2026, BOOKS ,$255.27,1,0.26,No,8
TX0112,25/01/2026,Home,425.31,2,0.08,No,8
TX0113,2026-01-02,electronics,288.41 ,5,0.06,Yes,nan
TX0114,03-17-2026,HOME,116.05,2,0.08,Yes,8
TX0115,2026-01-13,Home,314.51,4,0.24,No,8
TX0116,15.03.2026,electronics,199.24 ,3.0,0.2,yes,8
TX0117,02-01-2026,Clothing,$198.54,3,0.08,Yes,unknown
TX0118,28.03.2026,Toys,102.67,1,0.12,No,nan
TX0119,2026-02-04,Toys,479.12 ,4,0.19,yes,8
TX0120,03-22-2026,Home,$70.33,3,0.19,yes,unknown
TX0121,25.03.2026,ELECTRONICS,52.4 ,2.0,0.28,No,8
TX0122,05/01/2026,HOME,304.85,5.0,0.27,yes,8
TX0123,06/02/2026, BOOKS ,302.0,3.0,0.03,yes,8
TX0124,01-01-2026, BOOKS ,$71.78 ,5,0.18,No,8
TX0125,2026-01-20,electronics,$311.36,3.0,0.27,No,8
TX0126,06/02/2026,Home,$170.42,2,0.22,No,unknown
TX0127,2026-02-19, BOOKS ,179.19 ,5,0.27,yes,unknown
TX0128,14/01/2026, BOOKS ,$176.95,3,0.19,No,unknown
TX0129,20.02.2026,Toys,69.97,4,0.24,No,nan
TX0130,06.03.2026,Home,$475.13,1,0.1,No,unknown
TX0131,02-02-2026,TOYS,183.41,4,0.14,no,unknown
TX0132,02.03.2026,Toys,250.31,1,0.04,No,unknown
TX0133,02-24-2026,Clothing,$40.61,5.0,0.23,No,unknown
TX0134,03-09-2026, BOOKS ,249.74 ,3,0.09,Yes,nan
TX0135,01-05-2026,Clothing,$181.46,1,0.06,Yes,unknown
TX0136,03-31-2026,ELECTRONICS,480.93,4.0,0.0,No,8
TX0137,01-13-2026,Clothing,$139.35,3,0.2,Yes,nan
TX0138,2026-01-12,Toys,$370.54,2,0.05,No,8
TX0139,2026-03-06,electronics,254.39,4,0.29,No,8
TX0140,2026-01-13,Toys,$464.11,3.0,0.22,Yes,8
TX0141,14.03.2026,electronics,$341.4,4,0.17,Yes,8
TX0142,03-03-2026,Toys,$45.64,4.0,0.18,yes,8
TX0143,03-22-2026,CLOTHING,$137.9,4,0.18,yes,8
TX0144,02-02-2026,Clothing,$101.52,4.0,0.05,No,8
TX0145,27/02/2026,HOME,$325.75,1,0.24,No,nan
TX0146,2026-01-30, BOOKS ,$40.34 ,3,0.06,No,unknown
TX0147,01-03-2026,ELECTRONICS,176.74,1,0.03,No,8
TX0148,09.02.2026, BOOKS ,$250.69 ,3.0,0.29,No,unknown
TX0149,17.02.2026,electronics,394.6,5,0.0,no,8
TX0150,03-07-2026,electronics,$27.26,2.0,0.11,Yes,unknown
